[
  {
    "PK": "TEMPLATE#TPL_MODERN_001",
    "SK": "METADATA",
    "GSI1PK": "CATEGORY#professional",
    "GSI1SK": "NAME#Modern Professional",
    "templateId": "TPL_MODERN_001",
    "name": "Modern Professional",
    "category": "professional",
    "templateFileUrl": "https://cdn.example.com/templates/modern-001.html",
    "previewImageUrl": "https://cdn.example.com/previews/modern-001.png",
    "inputDataSchema": {
      "personalInfo": {
        "type": "object",
        "required": true,
        "fields": {
          "name": {
            "type": "string",
            "title": "Full Name"
          },
          "email": {
            "type": "string",
            "title": "Email Address"
          },
          "phone": {
            "type": "string",
            "title": "Phone Number"
          },
          "location": {
            "type": "string",
            "title": "Location"
          },
          "linkedin": {
            "type": "link",
            "title": "LinkedIn URL"
          },
          "github": {
            "type": "link",
            "title": "GitHub URL"
          },
          "portfolio": {
            "type": "link",
            "title": "Portfolio URL"
          },
          "summary": {
            "type": "text",
            "title": "Professional Summary"
          }
        }
      },
      "experience": {
        "type": "array",
        "title": "Work Experience",
        "minItems": 0,
        "maxItems": 10,
        "itemSchema": {
          "sectionId": {
            "type": "string",
            "title": "Section ID"
          },
          "company": {
            "type": "string",
            "title": "Company Name"
          },
          "position": {
            "type": "string",
            "title": "Job Title"
          },
          "location": {
            "type": "string",
            "title": "Location"
          },
          "startDate": {
            "type": "date",
            "title": "Start Date"
          },
          "endDate": {
            "type": "date",
            "title": "End Date"
          },
          "current": {
            "type": "boolean",
            "title": "Currently Working Here"
          },
          "description": {
            "type": "text",
            "title": "Job Description"
          },
          "achievements": {
            "type": "array",
            "title": "Key Achievements",
            "items": {
              "type": "string"
            }
          },
          "technologies": {
            "type": "array",
            "title": "Technologies Used",
            "items": {
              "type": "string"
            }
          },
          "tags": {
            "type": "array",
            "title": "Tags for AI Matching",
            "items": {
              "type": "string"
            }
          }
        }
      },
      "education": {
        "type": "array",
        "title": "Education",
        "minItems": 0,
        "maxItems": 5,
        "itemSchema": {
          "sectionId": {
            "type": "string"
          },
          "institution": {
            "type": "string",
            "title": "Institution Name"
          },
          "degree": {
            "type": "string",
            "title": "Degree"
          },
          "field": {
            "type": "string",
            "title": "Field of Study"
          },
          "location": {
            "type": "string",
            "title": "Location"
          },
          "startDate": {
            "type": "date",
            "title": "Start Date"
          },
          "endDate": {
            "type": "date",
            "title": "End Date"
          },
          "gpa": {
            "type": "string",
            "title": "GPA"
          },
          "achievements": {
            "type": "array",
            "title": "Honors & Awards",
            "items": {
              "type": "string"
            }
          },
          "tags": {
            "type": "array",
            "items": {
              "type": "string"
            }
          }
        }
      },
      "skills": {
        "type": "array",
        "title": "Skills",
        "minItems": 0,
        "maxItems": 10,
        "itemSchema": {
          "sectionId": {
            "type": "string"
          },
          "category": {
            "type": "string",
            "title": "Skill Category"
          },
          "skillsList": {
            "type": "array",
            "title": "Skills",
            "items": {
              "type": "string"
            }
          },
          "tags": {
            "type": "array",
            "items": {
              "type": "string"
            }
          }
        }
      },
      "projects": {
        "type": "array",
        "title": "Projects",
        "minItems": 0,
        "maxItems": 10,
        "itemSchema": {
          "sectionId": {
            "type": "string"
          },
          "name": {
            "type": "string",
            "title": "Project Name"
          },
          "description": {
            "type": "text",
            "title": "Description"
          },
          "url": {
            "type": "link",
            "title": "Project URL"
          },
          "technologies": {
            "type": "array",
            "title": "Technologies",
            "items": {
              "type": "string"
            }
          },
          "achievements": {
            "type": "array",
            "title": "Key Achievements",
            "items": {
              "type": "string"
            }
          },
          "startDate": {
            "type": "date",
            "title": "Start Date"
          },
          "endDate": {
            "type": "date",
            "title": "End Date"
          },
          "tags": {
            "type": "array",
            "items": {
              "type": "string"
            }
          }
        }
      },
      "certifications": {
        "type": "array",
        "title": "Certifications",
        "minItems": 0,
        "maxItems": 10,
        "itemSchema": {
          "sectionId": {
            "type": "string"
          },
          "name": {
            "type": "string",
            "title": "Certification Name"
          },
          "issuer": {
            "type": "string",
            "title": "Issuing Organization"
          },
          "date": {
            "type": "date",
            "title": "Date Obtained"
          },
          "expiryDate": {
            "type": "date",
            "title": "Expiry Date"
          },
          "credentialId": {
            "type": "string",
            "title": "Credential ID"
          },
          "credentialUrl": {
            "type": "link",
            "title": "Credential URL"
          },
          "tags": {
            "type": "array",
            "items": {
              "type": "string"
            }
          }
        }
      }
    },
    "createdAt": "2024-01-10T10:00:00Z",
    "updatedAt": "2024-01-10T10:00:00Z"
  },
  {
    "PK": "TEMPLATE#TPL_CLASSIC_001",
    "SK": "METADATA",
    "GSI1PK": "CATEGORY#professional",
    "GSI1SK": "NAME#Classic Professional",
    "templateId": "TPL_CLASSIC_001",
    "name": "Classic Professional",
    "category": "professional",
    "templateFileUrl": "https://cdn.example.com/templates/classic-001.html",
    "previewImageUrl": "https://cdn.example.com/previews/classic-001.png",
    "inputDataSchema": {},
    "createdAt": "2024-01-10T10:00:00Z",
    "updatedAt": "2024-01-10T10:00:00Z"
  },
  {
    "PK": "TEMPLATE#TPL_MINIMAL_001",
    "SK": "METADATA",
    "GSI1PK": "CATEGORY#minimal",
    "GSI1SK": "NAME#Minimal Clean",
    "templateId": "TPL_MINIMAL_001",
    "name": "Minimal Clean",
    "category": "minimal",
    "templateFileUrl": "https://cdn.example.com/templates/minimal-001.html",
    "previewImageUrl": "https://cdn.example.com/previews/minimal-001.png",
    "inputDataSchema": {},
    "createdAt": "2024-01-10T10:00:00Z",
    "updatedAt": "2024-01-10T10:00:00Z"
  }
]
